{
  "part": "3001",
  "expected_mm": [
    31.8,
    15.8
  ],
  "measures": [
    {
      "add_gap_between_parts": true,
      "n_vertices": 21288,
      "dims_units_xyz": [
        0.7980000126808875,
        0.3979999938904115,
        0.2780000058867264
      ],
      "dims_mm_sorted": [
        31.9200005072355,
        15.91999975561646,
        11.120000235469057
      ],
      "unit_to_mm": 40.0
    },
    {
      "add_gap_between_parts": false,
      "n_vertices": 21288,
      "dims_units_xyz": [
        0.7999999821186066,
        0.40000000155003623,
        0.28000000877822934
      ],
      "dims_mm_sorted": [
        31.999999284744263,
        16.000000062001448,
        11.200000351129173
      ],
      "unit_to_mm": 40.0
    }
  ],
  "tolerance_mm": 0.5,
  "verdict_ok": true
}